705450649731907585,
705431103587401729,
705408833200504833,
705041471905333248,
704697067596357632,
704401671993090048,
704399100268158978,
702880845955203072,
702531011326783488,
702521766707654656,
702511173397250048,
702153762526330881,
702152035903397888,
702151438802223105,
702150459214139393,
701874058619711489,
700813820650921985,enviro
700783645888483330,
700732270777339905,
700716438013747201,
700444882800922625,
700061179205574656,
699722031261163520,
699700444415815680,
699691143567695873,
699431656231276544,
698648440041922560,
698648386841358336,
698648288447234048,
697879767677341696,
697801810648637441,
697801354534854656,
697796647066214405,
697796173701238784,
697795666001686528,
697795429807820800,
697795188132069376,
697794640263692288,
697794531752804353,
697450547754848257,
697440947739750405,
697105863895605253,
696778842757795840,aca
695361700204138496,
695265449244762112,
695262999003684864,
695262738839375872,
695262238488322049,
694987512146624512,
694950350739079168,
694945781837647873,
694902589608058880,
694902559027421184,
694895966672003072,
694894267031019520,
694548627738488833,
694546903187509248,
693162320063787008,
692743408172056578,
692735184693760000,
692441090318864385,iran
692436191807979520,
690244595154882560,
690182811672821766,
690182022183174144,
689927003261292546,
689828642491404288,
689826159014625280,
689099966711726080,
688793063465054210,
688775543349579776,
687693534615347200,
687692676477628416,
687342973663711232,
687081614577393664,student
687037376607207424,
687009661556506624,guns
686994097370873856,
686931911936225280,
686736469050916864,
686633493258973184,
685282096580038657,
685274739011645440,
684424183099604993,
684415970216116226,aca
684415818952749056,
684203135817134081,
684202559599456257,guns
684202280225214464,guns
681570526926630912,
677938992529203200,
677878446391885826,
677875130450632711,
677511427616317440,
677509011365888000,
677507612695482368,
677236615757045760,
677174086599094273,
677173983859638276,
677163060558217216,
677159166331461632,iran
676852066246131714,
676782153615736832,enviro
676781224392835074,enviro
675775968552853505,
675765071415525376,
675764899532906496,
675681883653541888,
675386939487485952,
675040075118485504,
675035264616685568,
674971865396350976,
674969687931928576,
674969516116459520,
674636528283422721,
674636407168724992,
674630421859147777,
674629875534331904,
674251062187040768,
674245594668494848,
673942898979786752,
673941520215646209,
673184292458135553,isis
673181422459494400,
673180916571840512,guns
673179986161967104,isis
672886993647439872,
672882025351798784,immig
672530320172974080,isis
672522105238482945,isis
672517734622699522,isis
672428683441938432,guns
672425675429687297,guns
672225281327898624,guns
672167725326798848,guns
672167484347158528,guns
672069897443270657,
672066661378322432,
672065181418192896,
671779537018093568,
671777110155993088,
671720180104433664,
671708418470752256,
671424463360155648,guns
671424081816891392,
671423645844140033,isis
668866425231179776,
667749924512137216,
667734298229780481,
667728755549470720,
667363010961391621,
667361774346313731,
667361365045190656,
667361177006141440,
667174078957158400,
666719117110607872,
666637833705234432,
666637182099193856,
666635789569273856,
666635328514596865,
666347363842310144,isis
665339944181829632,
664110407762620416,
664105024566394880,
664099444757954560,
664099094630035456,
664098988526735360,
663769055631904769,
662649645517176834,
662341960317976576,
662339386353311744,
662306552217509888,
661974168221655042,
661971432436539393,
661964787987927040,immig
661928469991833600,
661924934202081281,
661924588247470080,
661923287811956736,
661597431448997888,
661563093961596928,
661562578708008965,
661562300990525440,
660199604835631105,
660177998394454016,
660132079414329344,
659751754477776896,
659744910384435200,aca
659743919861850112,
659739429750366208,
659480639490629632,
659420706040631296,
659419401247182848,
659037494198083584,
658992907630854144,
657211015168413700,
657210090148229120,
656960380426567680,
656831667043180544,
656828492097691648,
656472752019247104,
656472047824928768,
656209020118659073,immig
656207149823979522,
656203450917634048,immig
656201933099655168,
656200420512018432,
656199224313298944,
656135762685988864,
655099744537169920,
655077616572043264,isis
655029781457715200,
655029371875545088,
654757403850747904,
654699968016465920,religion
653969510387552257,
652519398801035264,
652178977830907904,
652171858578669569,religion
652136643554492416,
651891860705832960,
651758013288706049,
651757278647951360,
651482323003801604,
651431021058105348,
651429686212435968,
651429177879568385,enviro
651129409110278144,
651129004833902592,guns
649741415451332608,
649590427977424896,
649578174813224960,
649575992386842625,
649573932891287552,
649331197848494080,abort
649220884192980992,
648609716977967104,
647427526126661633,
647427163323539456,
647097642007269379,
646706491127406592,
646437254353829888,abort
646414847207428096,
646412672209158144,aca
646403959150747648,religion
646338900865126400,aca
646337879828918273,
646325428001464320,isis
646022769797410816,
646022469564936201,
644592724960759809,
644575275683065856,
644547555062321152,
644519965014388736,
644516029687799808,
644151806034071552,
644150759559462912,
644149767963049984,
643868158617456640,
643835124530958336,
643834114911698944,
643800994296504320,
643782462976466944,
643554013699555329,
642830159511449601,
642088464977014784,
642084803613999104,iran
642070191371853825,
642069644984098816,iran
641973701202845696,
641971828290928640,
641682528538128384,
641642334241714177,aca
641615317370802176,
641614910141657088,
641374039244730376,
641316552042782720,
641315154668486656,iran
641257811863859200,iran
641256725308440577,iran
641256300215685120,
641253100565753856,iran
641252789440638976,
641238987743604736,
640200355779899392,
636949263860244480,guns
636948815434641408,
635971556577931264,
635962083079647232,
635936498504867841,
635879702993829888,
635850414445985792,
635846274428768256,
635554285640646657,iran
635551191917817856,
635537098968313857,iran
634813350636068864,
634809111448809472,
634428112378458112,
633387493660971009,
632204961951150080,socialsec
632177799869124608,
631561068423344128,
631516006926675968,aca
631168205944418305,
631102240124592128,
631098822970572800,
631097087816404992,
630809555467956224,aca
629313075850645504,
629311906772316160,
628935080342351872,aca
628925626708324352,
628572564101558272,enviro
628572017663549440,enviro
628333963963203584,
628269071885336576,
628268413782224896,abort
628267709403373568,abort
628252395982688256,
628226399363538944,
627458840641040384,
626771482732032000,
626526050378514432,
626410494614765568,
626406131594862593,
626127104153919488,abort
626125915932766208,abort
626108160399527936,
626046584405536768,pay
624586515478241281,
624576804632682496,guns
624340410098450432,
624313801035255813,
624213381017403392,
624010785061253122,
623964726389817344,aca
623858369779134465,
623497179420737536,
623494693255532544,immig
623494170267779072,
622247608887701505,
622107051209195521,
621810174337130496,
621782829173764097,
621329902361554944,
621322369899081728,
621314948510162944,
620944296166969344,
620942784040706048,
620672537282785280,
620670885406490624,
620623591181189120,
619592502547492865,
619585052851179520,
619526035604959232,
619510103906062337,
619507242568708097,
619506308178399232,
619143463314038784,
619142916456513536,
618859074600456192,immig
618784665332252672,
618759355618488320,
618565477007290368,
618494336951566336,
618491409922965504,
618491051716812800,
618490728231079936,
618055184023994368,
615948071562645505,
615944698415321088,
614440385813856258,marriage
614161244749049856,immig
614144429851561984,
614080518397784064,aca
614078309639548928,aca
614072568094588928,
614070556577693701,
613744395045707777,
613442153361055746,
613441745003642880,
613406271014858752,
613378318138757120,
613350259264225280,
613349755859636224,guns
613349123027259392,confed
613348290541678593,guns
613061948834455552,
613060952657936384,
611595812406214656,guns
611589422056898560,guns
611546759135920129,
611527467761836033,
611202518505390080,
611174085754798080,student
611168892539568129,
611168377172815872,
610523187814731776,
610518088451289088,
610512620077084672,
610510640172634114,immig
610509022983258112,
610470027008077824,
609412566796869633,
609384660641124352,
609375749322240000,tpp
609008760275775490,
609005312947945472,
609004214916935680,
609002465200091136,
608987516021141504,
608735189209071616,
608729487086366721,
608673108699021312,
608657668677464064,iran
608644432196464640,
608638098789027840,
608637127153324032,
608385246913036288,
608276410311016448,
608010590800330752,
607989237284151296,
607987988727885824,
607986306191261696,
607963215201304576,
606834300282130432,
606464212026531840,
606459367831961600,
606457809606025216,
606186775183302657,
606095506356334594,
606094103244382208,
606093473301831680,
606092441339457536,
605838641496072192,
605815317198028802,iran
605105475990884355,
605104211005722624,
605104113777569794,
605103561148624896,
605046097422249985,nsa
604854269133635586,
603986806405726208,
603548377331142656,
601922840888238081,
601882806076219392,
601846932923887616,
601845148759232512,
601772636155314176,
601020554523635712,
600683622337773568,
600679709572210688,
600667747786354688,
600368545860603905,
598924860421701632,immig
598852674822496256,nsa
598848698563620866,
598481933476200448,
598275224371634178,
598203219605618688,
598201612755152899,
598129134359977984,
597845583345352704,
597844265172127744,nsa
596371806002532352,nsa
595946972286189568,
595598734718799873,
595305629771821057,iran
594581710043480064,
594182401686900736,
593857380858888192,
593855943399604225,
593854515247480832,
593809250675269632,
593796940434952192,
593413359942242304,
593185438359130115,
593166959736442880,
593163609406058496,
593150306772451328,
593149475234918401,
593149216463187969,
593147354066374658,
593132067220783104,
593061057276551168,iran
593056313422311424,iran
592768824384036866,aca
592734614977908736,marriage
591701329824854016,
591659001470918656,iran
591316249088495616,
591238685070389248,
591238159863832576,
590916547528491008,
590625335286333440,
590519194086584320,
590517805461606401,
590217026561445889,
588824514999373824,
588814562499043328,
588709973565145088,
588708596747141120,
588707740622585856,
588340832794738688,
588338083369746432,iran
587987185325989889,pay
587707049598914561,
587679392874246144,aca
585079565246136320,
584036846822432768,
584031300039880704,
583702457173159936,
583427292182904832,
581539799116414976,
581508804409470976,
581492405045760000,
581451382936481792,
581422891285245952,
581275616525320192,
581212597795483648,
581179110807994368,
581093897272717312,
580846719837011968,
580744210732736512,
580728497150259201,
580376120140390401,
580375532300292097,
580040757727371264,
580040054824898561,aca
580039359996510209,
578943844047319041,
578579587254370304,
578577972577304576,abort
578577100799610880,
578569336488660992,
578276982695268352,
578194395268280320,
578191675165663232,
578190725847855104,
577968799565156353,
577935268365357056,
577850144286224384,abort
577837557947490305,aca
577827098506735616,
577550435185221634,
577547655942909952,
576442527361949698,
576436526063685633,abort
576424017051172865,
576403652589395970,
576391617923424257,
576084244579110913,abort
575756993417375744,
575661596984406018,iran
575657748991459329,abort
575425255658889217,
575422413082652672,iran
575300456135684096,aca
575029403979247616,
574999861281452032,
574998009647362048,
573964750230523906,
573592370920361984,
573581861621911553,
573526820064075776,
573222643287134211,
573216604038823936,
573160315938062336,
572933079355957248,
572856114309550080,
572854091153465344,
572773033968070657,
572486203838214144,
572437729352544256,
571480932399620096,
571445217510862849,
571439647156527104,
571355646903373824,
571346407749259264,
571068151313661952,
571056856996708352,
571048936464646144,tpp
571027346125418499,
571017666401570816,
570990593020706816,
570978617951453184,
570968064209985536,
570675643542872066,
570276466040164352,
570242784965365760,
570240864620036097,immig
569976652903665664,
568394175571316736,
568225160832159745,
568224512182849536,
567767226544295936,
565944932477964288,
565571442558124032,
565555149171867648,
565535085034995712,
565236435050307589,
565169215049838593,
564880804359442432,
563795522293874688,
563434134597808130,
563385883450015744,
563366793759449088,
563034306034298880,
563024417404776449,
562715382143008768,
562697433646653440,
562671173956534272,
562400111158767616,
562363387397820416,
562359164283158529,
560868021372477444,
560569368124600320,socialsec
560480212690141184,isis
559857273389199361,
559856941112250369,
558698979513606145,
558643360194625537,
558486833508909056,
558471533581336576,
558419332888526848,
558330900849496064,
558324401243193344,
558317420239396864,
557747982771449856,
557747611898494979,
557747109139869698,
557694159231139841,
557579656271237120,
557271401829109760,
557270842057707521,
555479882046914560,
555426059894939648,
555425981792784385,immig
555425906492440576,
554329351966052352,
553656540650295296,
553594097655885824,
553258453758902272,
552912469606543360,
552851879240429568,aca
552838058585108480,
552561513509429248,
552495769421627392,
551124994978107393,
545685350556127233,
545655952540975104,
545338119995011073,
545331164454862848,
545278801660633088,
544903209157140481,
544884314056691712,
544644825686237184,
544632417076912128,
544538513577086976,
544169201834160128,
543986687735783424,
543953990665666560,
543851712520658944,
543841120724467712,
543829058023596032,
543819347744260096,
543813799934189569,
543812306371899393,
543615085646974977,
543543847327125505,
543542109060759552,
543416802282598400,
543244151593000962,
543239677503762432,
543238536158146560,
543115089466101760,
542773082319224832,
542734859006119936,immig
542675009106612224,
542451228634931201,
542354901192683521,
542354641565278209,
542353975446892544,
540617756899811329,
540608368638189568,immig
540524157889687552,
540337667272372225,
540336957734547456,
540179969335627776,
539916992346480640,
539549027688534016,
539495860053508096,
536920778999349248,
535917396511707137,
535915397800034304,
535907650186543104,
535899495700381696,
535898071214063617,
535887036625211392,
535639140797542400,
535603773864177665,
535577707657310208,immig
535553847364960256,
535464208385998848,immig
535461297530613760,
535157369618329600,
535147737151717376,
535146160114384896,immig
535086595905683456,
534729107855380480,immig
534705925924618240,
534493493272776704,immig
534429080847122432,
534373965503160321,immig
533837429741223936,
533673871132856320,
532977279086120961,
532969668274049025,
532618602672050176,
532618185317838848,
532618107190517760,
532617951216930816,
532616355540140032,
532616085510828033,
532615409447759873,
532614524449587201,
532613808288972800,
532613422001950720,
532612921097211905,
532612759637467136,
532612467919437825,
532612199769206785,
532611863633481728,
532610468486340608,
532609977006186496,
532605545778524161,
532576570003980288,
532165362209783808,
530773569505361920,immig
529856118710091776,
529641857626943488,
529640057066758144,
528213663942213632,
528209066850783232,
528205837740032000,
527950774836682752,
527852653230161920,
527094999704670208,
525489149739274240,
525339778099970048,
525322183636439041,
525319426011561984,
522408071990370306,
520567893571153920,
520348057380995073,
520294415357992960,
519602556373188609,
519586717179715586,
519581725748236289,marriage
518113388304801792,
518036507123535872,
517669072390328320,
517306649158352896,
515573863443611648,
515253536477945856,
514817070568321025,
514176651350265856,
513751004165459968,
512985020471214080,
512733208471797760,isis
512708446542516224,
512356351771541504,
512274148484456451,
512273946482593792,
512260765278294016,
512260301140815872,
512241024522285056,
511974408425324544,
511962694178861056,
511914493849632768,aca
511880311727484928,student
511635750849626112,
511604790011650048,
511577210139213824,
511576501050155008,
511308765732540416,
510173129503961088,
510135608153350144,
510124628673830912,
510060780310773760,
509895518991175680,
509779107555868672,immig
509702405970493440,isis
509701539074940928,
509425465640366080,
509418641717489664,
509416011012251648,
509345702917705728,pay
509342062794526721,
509042215927427072,
509040812148412416,
509040523144085504,
509039958662074368,
507662271275753472,
507579763330785280,
507571267570905088,
507570387861766145,
507559106421354496,
507544656096145408,
505459133811011584,
505083299065511936,
505020619952771072,
504694803616264192,
504694772133793792,
503303125269504000,
503281465522946049,
503280874381905920,
502910408500723712,isis
502902172536025088,
502894329883787264,
502153177601683456,
502123964937027584,
501786168892358656,
501785368656879616,
500414038279749633,
500295914498449409,
499991977300361216,
499926995762155520,socialsec
499641569201233921,
498309053303775232,
497422975625592832,
497419096456462337,
497406225576116224,
497384621789966336,
495232145166581760,
495017954472624129,
495007537847341056,
494995823735095296,
494995423229378560,
494972101812830208,
494617512420446208,
494600626777882625,immig
494587042668765184,
494541753585008640,
494523710490296320,
494505078418862082,
494196633203404800,immig
494146651804532736,
494140204538925056,
493838709771759617,
492759841472249857,immig
492480018421776385,enviro
492393504279392256,
492383118058598400,
492325030207160320,
492312808688975872,
492300856940064768,
491982137563033601,
491949114369003520,
491585878406746112,
491328449462956033,
491304583206281217,
491286350931701760,
491285599513751552,immig
491284752553750528,
491254688810299392,
489852099250114560,
489771410060226560,
489769326904619008,
489482385000787968,
489059581428248576,
489050598319611904,
489048175156932609,
488795457145937921,
488772972589879296,abort
488754822577782785,aca
488752314572746752,
488750152363278336,
487698883909136384,immig
487683993048199168,
487331088734617600,
487316948058116096,
487315218327162880,aca
487236060146323456,aca
486970142392582145,
486917998268407808,aca
486876882559045632,
486876133947080704,
486875657079488513,
486519440893562880,
486213265287315459,abort
486211690095443969,
486209912796901376,
486192741282349056,
484697532585738241,
484413453088874496,
484408948129533952,
484397671558684673,
484363058895405056,
483692732456517632,
483691769071427584,
483684944762642433,immig
483671272719908865,marriage
483630584833773568,
483628406480056321,
482256090340794369,
482252228288602113,
482185737023283200,immig
482180738159497217,
482175505467441152,
482159284621684736,immig
482156533753839617,immig
482155709027876864,immig
482155360024031232,immig
481870749591150593,
481820992122392576,
481519931289526273,
481498143805407233,
481489677900611584,
481445063655174144,
481137283064938496,
481136926767206400,
481136386347896833,
480828425629081600,
480003046408470528,
479623656822542336,
479619294708645888,
479344402289397760,
479340068621271042,
479299157191315456,
479277808536289280,
479257779665133571,
479256570959003648,
479254568308854784,
478982762268205056,
478962068410728448,
478670390294630401,
478645800327979008,
478638109887049729,marriage
478600242758430720,
478555020968075265,
478554776415010816,
477833105990905856,
476833891916201986,
476794375390126080,
476788844021682176,
476786035557675008,
476747602785230848,
476742339122049024,
476716886156382208,student
476471461524570112,iran
476467903467114497,
476466707201294336,iran
476454400672940033,
476372694137847808,
476365446237925377,student
476080091391205377,
476066949194326016,guns
476063561815691264,guns
476063164401221632,
476053465685557248,
476034793264930816,
476018090095169536,
475807094990311424,
475799235946770434,
474744740416466944,
474744601207930880,
474621236707086336,
474616934609457153,
474605630687543296,
474554807861395457,
474273732228575232,
474205918373367808,
474204086993453058,
474186582053126144,
474183849040441344,
474183503551430656,
474161161894920192,
473928169645289473,
473872560741175296,
473845321684889600,
473843695876583424,
473842907330666496,
473841805445046272,
473841238530338817,
473839279857467392,
473834063220846592,
473832756288315393,
473831036804399104,
473830875671842816,
473829376791154688,
473806507025657857,
473592755051323392,
473476916927029248,enviro
473453670584320001,
472866615080800256,
472774445032300544,
472422876407427072,
472421695685660672,
472106689387560960,
472089534189281281,
471649009330028545,
471371027961090048,immig
471367814025342976,
470369323203043328,
469594759548649472,
469587383508537344,
469557766592679936,
469541940007297025,isis
469517215059177472,immig
469510305412694017,
469509932945920000,
469462936033845248,iran
469188067916795905,
469114140511191041,
469109791428972544,
468785673777201152,
468743316721647616,
468449879971627009,
468392966437208064,
467295724435435521,
467038294451429376,
467030446992535552,
466974231125716992,
466952892629676032,
466951488271835137,enviro
466937550465425409,
466936678452838400,
466936134342574080,
466935266247442433,
466934934763212800,
466929788100165633,
466662463749238785,
466652379702898688,
466590967311917056,
466577268434014208,immig
466573014948413440,immig
466332664832987136,
466219634359029761,aca
466206586353225728,
465916981519327232,
465906861800456192,
465476933975674880,
464491408238604288,
464490610238717954,
464465368413896704,
464458326487883776,
464431814363602945,
464419042544349184,
464144036060991489,
464039175994343426,
464037164595298304,
464035676988506112,
463783115920379904,
463739528705212416,
463733658005016576,
463687999541497857,
463682768564920320,
463398309647118337,
461932313585414144,
461878138273009664,
461572353231949824,
461552537926373376,
461544375739510784,
461539126882611201,
461516801839738880,
461501300153540608,
461499467880230912,
461234135550660608,
461145255078002688,
461144430893101056,
460844897822859264,
460842502044803072,
460810716136898560,
460809810074955776,pay
459383582084321280,
459382922479685632,
459381588951048193,
459078079231848448,pay
459061166275584000,
458679301551169538,
458310154736640000,
457003563517235200,
456947056980934656,
456887150160912384,
456529217606258688,
456162238072492032,
456161621077790721,guns
455823823913627648,
455778579867901952,
455348657123254273,
454733145191890945,
454380212869152768,
454351848389222400,
454332582415826945,
454278967990558720,
454252974748221440,
454251581677244417,
453982082780643329,
453967399805808640,
453962578860187648,pay
453941311146852352,
453933923371089920,
453920490651140096,
453908441829216257,
453897436873105409,
453643190466125825,
453616061657927684,
453594169836306434,
453586852516478977,pay
453535040316907520,
453519818927652864,pay
453307652576382976,
453303045724848128,
453296517085163520,
453296262377648128,
453284341008060416,
453250419926769664,
453234124409409536,
452959060149555200,
452645498143637504,
452518931010301952,
452134406141276160,
452123049299828736,
452118988156600321,
452112438721540096,
452080755665952768,
451856775679971330,
451850229042917378,
451846366843895808,
451828785550479361,
451803267270717440,
451797149739909120,
451786920964939777,pay
451770420145168384,
451753454642290689,
451742442350727168,
451714850763603968,
451426435303882752,
451411453669826561,
451400446784307200,
451377711572090881,
451350937559252992,
451344850299138048,
451100899826749440,
451066261364297729,
451053780067704832,
451050952070406145,
451000307766808576,
450998737255825408,
450997538473406464,aca
450793979756687361,
450785056739442688,
450702067494297600,
450697273631309824,
450696050358374400,
450624007482904577,
450334421921857536,aca
450319444456120320,
449971231085711361,
449955466739605504,
449682412390211584,
449621248805732352,
449585564309016576,
449342416105926656,
449271034014105600,
449259575435624449,
449254135175860225,
449253963846918144,
449231816298594304,
449226986062610432,
448966042564702208,
448957808541962240,
448905433185787904,aca
448861496156512256,
448824685938368512,
448808175547215873,
448623531908427776,
448585967247826944,
448585263502348288,
448204044394586113,
448187343829483520,
448162321979170816,
448159347127099392,
447050885257265152,
447043065119645697,
447026975547621376,
446723845933006848,
446704310131621888,
446700022235545600,
446686366441545728,
446660370783272960,
446319861615304704,
446319499978240000,
445964487460651009,
445661781864628224,
444265483534344193,iran
444257373041852416,
444188287474089984,
444184766192312320,aca
444171159891095552,
444161484609060864,
444125231372718081,
444106481907269632,
444104012997345280,
443881582936752128,
443870393808715776,
443825501896200192,
443790373723570176,
443553438274572288,
443499260466958336,
443485565020016640,
443385442692788224,
443154404058095616,
443153614417436672,
443153000509734912,
443152122373480449,
443151967897288704,
443151324176449537,
442488801378959360,
442045354897580032,socialsec
441960387924459520,
441668538194210817,
441608086084931585,
441605628168253441,
441593465374531584,
441374503768436737,
441369491055067136,
441312854751580160,
441310509003194368,
441308417785729024,
441255359504592896,religion
441013060686196737,
441003581903081472,
440997349578801152,
440945508673388545,
440928938765078529,
440928424958648320,
440928065431298049,socialsec
440927645543723008,
440925689186107392,
440924764962816000,
440909709005307904,
440635986402226176,
439508920017887232,
439430887152033792,
439158185874964480,
439151607717322752,
439144042577014784,
439126345621467136,
439076081606590465,iran
439048094341423104,
438805415481315328,
438791599217455104,aca
438789516661637120,aca
438786596385878016,
438785275943477248,aca
438725932506157056,iran
438702439076995073,aca
438689842055372800,
438684411065032704,
438683790656176128,aca
438432200724578304,
438397990240129024,
438364950701297664,
438340343709597696,aca
438059511396716544,
436935199545241600,
436589224695840768,socialsec
436180287308189696,pay
435958537731473408,
435896340552237056,
435886656257024000,
435799314665701379,immig
433748973938286592,
433741245186592768,
433708678181818368,aca
433635456493043713,
433617532025462787,
433610551605080065,
433389231743201281,
433256413499236352,aca
432966734513840128,pay
432953658968670208,
432953189542166528,socialsec
431826596497227776,immig
431815365103210496,
431514745502724096,
431512098989166592,
431460012612145153,
431457611465383936,
431437712265314304,
431433864381472768,
431191652397744128,
430812838333263872,
430748729465769984,
430745401403375616,
430729121057222656,
430727101126541312,
430428003160838145,
430420495386042368,
428917039601045504,
428636631013150721,
428615219674640384,iran
428595399990202368,
428545089712168960,pay
428347261488463872,
428342121842499584,
428310251176460288,
428224301041340416,
428219775647776768,
428178348334792707,
428169269462175744,
427942465786900481,
427880399356706816,
426778097589817344,
426777215255453698,
426480506998231040,
426408196232986624,
426369427047596033,
425410637636722688,
423905729138163712,
423898518793646080,aca
423879846620844032,
423869832040554497,
423841363495780352,
423833922343297024,
423472455697833984,
423221512317829121,
423189535481425920,
423185878631342082,
423110415514472448,
423108471979253760,
423097954778775552,
422849639792918528,
422839391833575424,aca
422815417497702400,
422809481232519168,
422028972709257216,
421726008086392832,
421673734957981696,
421382982289858560,religion
421359009665679360,
421341908741271552,
421300822115631104,
421057788358713344,
421036481294376960,
420997957551669249,
420935375390265344,
420589377484767232,
420573091128152064,
420564055007301632,
420339387223011328,
420299014303911936,
420270039993163776,
420230334580396032,
419863366782296064,
419225070821998592,guns
419209086870495232,
414177945247182849,
414100650524680192,
414032369080094721,
413802602296803328,
413769128739356673,
413728156299051008,
413705830320865280,
413688921676341248,
413674138965143552,
413662700296617985,
413380468223246337,
413377249887649793,
413331424532770816,
413324799939997696,
413099294757896192,guns
413079595047329793,student
413061223295361024,nsa
413051158010146816,iran
413041410431279104,
412704190163845120,
412699439514779648,
412674749794631680,
412628127094145024,
411678477235281921,
411556454962069504,guns
411555313402544128,
411554157540036609,
411255055111553025,immig
411192078878527488,
410944566649708544,
410915662199279616,
410854417387122688,
410848055727243265,
410846297584058369,socialsec
410776102098206720,aca
410563930042667008,
410428065219878912,
410178806096621570,
410140504186437632,
408982313322557441,
408719073602977792,
408715074870980608,
408710220525748224,
408283101307998208,pay
407979911451013120,
407973778581647361,
407956224786051072,
407910522546577408,
407894906615922688,immig
406104092419690496,
405881226516385792,immig
405382316878356480,aca
405076836956123136,iran
403913473806987264,iran
403615847190921216,
403581600224776192,
403577362802958336,
403552839542132736,
403548538656677890,
403545660756353025,
403535271758925824,
403224006696128513,
403220592020557824,pay
402923311933718528,
402905198924156928,
402904779565064193,
402885932279296001,
402847072405454848,
402816481446346752,
402816267058675712,
402797869327208448,immig
402575473630121984,
402523267778363392,
402513088983093248,
402497472230338561,
401373445587755008,
401127692520931328,aca
401125805314830336,immig
401095955610882048,aca
401094572249714688,
401051601705902081,
401001693703573504,
400760377862279169,immig
400641578836193280,
400631837355438080,aca
400402939631898624,
400352603835363328,
400301211900866562,
399943666640236544,
398892874525200385,
398840667843354625,
398530947576233984,
398472424955867137,
398447880148905984,
398210218133569536,
398195037303209985,
398187705974411264,
398163882101198848,
398162062519832576,
398157142882271234,
398112523498827776,aca
398111873230725120,aca
397773903587971072,
397743387736285184,
397506559372460032,
397498145221148672,
397457562779398145,
397439847461560320,
397429199834972161,
397369523890057216,
396325961114722304,
396296452818743298,
396021911794114560,
395998183845015552,
395944076186365952,
395915436367175680,
395903118040662016,
395659893970968576,
395652914087473152,
395620844749074432,
395546685033938944,
395298812983791616,
394947447820398592,
394894242864459777,
394887854511243264,
394878965971972096,
393457500408000512,
393404570917171200,
392739609870090240,
392714758186860544,
392652396507049984,
392398728650170368,
392338531752108033,
390970488811704320,socialsec
390675222044475392,
390631727007137792,
390621642797637632,
390621432474247168,
390512296151109632,
390151941487345664,
390141261925335040,
390139225162907648,
390138886800031744,
389149825054158848,aca
389091741803880448,
389079497192267776,
389072739635855360,
389064522050568192,
389051128794861568,
389049397436502016,
388675052142882816,religion
388674407054712832,
388331823245176832,
388312541505810432,
388076777643732993,
387980638953177088,
387951348534112256,
387950876025188354,
387945521769611265,
387734632084799488,
387685533885165568,
387651566070951936,
387648863555026944,
387641363380322304,
387640680967073792,
387582200059031553,
387577216537591808,
387306277812330496,
387277484086919168,
387213115563470848,
386873219317133312,
386597544610238464,aca
386584482519998464,immig
386550941916594176,
386529070244065281,
386522356241661953,
386208538022141952,
386139435416711168,
386138753469018112,
385896650105180160,iran
385854553490731008,
385779911103098880,aca
385777329076985856,
385776275874648064,iran
385504448371781632,
385491699566260225,
385479438122881024,
385450265337683968,iran
385415882316734464,
385413288294875136,
385413025400119296,
385138600431878144,
385138223372324864,
385116377758965760,aca
385088290883657728,
385079574364950528,
384891621181255680,
384874962693390336,
384854416094162944,aca
384843137820405760,
384826839350251520,
384752593802498048,
384749581591781376,
384685676027203584,
384040210310660096,aca
384039911789436929,
383687060546387968,
383639665641017344,
383618560075239424,
383352377308614656,
383324094147878912,
383274306978865152,
383253047935504385,
383233727801098240,
382981493645389824,
382900776831811584,
382636036490547200,
382545815904194560,
382535018792648704,aca
382508613090410496,
382508114110873600,socialsec
382506698294185985,
382264858986557440,
382228765117779968,aca
382204517120757760,aca
381141282133135360,
381088018410377216,
381064563653087232,aca
380822136761643009,
380728916346142721,
380725467856125952,aca
380713332468359168,
380688455174746112,
380687934753890304,
380687033280516096,
380352314500194304,
380347492510216192,aca
380326517643157504,immig
380093919117443072,
380067958677966849,aca
379987318528294912,aca
379976109972283392,
379973894930964480,
379972733142335488,
379971435978301440,aca
379668018336645120,guns
379667792297205760,
378257542331510784,
378253163390074880,
378248636721037312,
378190819586355200,
378161787864383488,
378154190742515712,
377797194314948608,
377470248691433472,
377435353575333888,
377434778800492544,
377195328006791169,
377136493305032704,
377134655994347520,
377130605848563712,
372846534892597249,
372796860978561024,
370280774466949121,
369573307747545088,
369528469601779712,
368117181151576064,immig
367720808837578752,
367682263292862464,
367634396679249920,
367403226565718016,
367402277360791553,
367372898442686464,
367360781652070400,
367359023278211072,
367334421319675904,
367331098810134528,
367320738740862976,
367318599205408768,
367317366260367360,
367293747291496448,
365259881625825280,
365181151851184128,
365179217899560961,
364816485484879872,
363065767849631744,aca
363035358973661184,
363009733810077696,
362971675521871872,
362718297478799360,
362599205161807873,
362568940079161345,
362337144892698625,
362298572839981058,
362209546464280577,
361911146460090368,
361910609773727745,
360764271157719040,
360398984881258496,
360135947276398593,
360085183048843264,
359749239569518592,aca
359747333283520513,
359676867063717889,
359676458140057601,
359676054564118528,
358247592565551105,
357964441951809537,
357932763317415936,
357907630037012481,immig
357883550000881665,
357857935038226432,
357856653950980097,
357562696859795456,
357532816596553728,
357511768249491456,
357495401902911489,
357252782622904321,
357241632430628865,
357212330855108609,
357208758872576000,
356851111233208320,
356788595526340608,
356787991118741507,
356787397096247298,
356785507092545536,
356785011002843136,
356782702273380352,
356570915770875904,
356427089638981632,
356415001822625792,
356414142804000768,iran
356411679975800832,
355769472268775424,
355724593178214401,
355367469826838528,
355332721540739073,
355332055200038914,
355329466614026240,
355328778601377792,
355328538141929474,
355328039065894912,
355325768273887234,
355002355479093249,student
354965120977354752,
354962540972875777,immig
354684419484811265,student
354603768748322818,
354602800640049152,student
354302332852391936,student
353293115278376960,guns
353189246393253890,
351871587034730499,immig
351806308032323585,immig
351783870858928129,
351727646146695170,student
351722193635377152,
350694085952155648,
350353644899676160,
350345128650620928,
350344103696932865,
350343241268346880,
350340840343871490,immig
350314135642316800,student
350292495604789248,immig
350253942418063360,
350030057848311808,
349999635479273473,
349919323881607168,
349891453692047360,
349885356629426179,
349743652920238081,
349652541245632512,
349649896254619649,enviro
349588926396243970,
349587685976977410,
349586678190583808,
349201309590761472,isis
349196763359498240,
347850433492033536,
347741288801640448,
347433065351622657,
347385265419075585,
347376612838346753,
347136913179824128,immig
347125534809010177,immig
346737850533941248,
346733498721259520,
346692888618467328,immig
346690659673059328,
345931792567656449,
345384199227846656,
345334419147603969,
345251772270526464,
345217949981868032,
345210119560253441,guns
345176644987789312,
344930258904047617,immig
344912876156370945,
344811473811406848,immig
344561740631117825,
344529338273771523,immig
344472231356805122,
344212824811257856,
344178432298602497,immig
344158859235041280,
344141047896629249,
343105039415521280,
343070974603833345,immig
343019864769843200,
343018565936496640,
342740377322799104,
342721126901874688,immig
342645167779631104,student
342630961990733824,student
342382561630244864,
341919986568294401,student
341573618016346112,
340508568405045248,student
340477955887214595,student
340468669865918465,
340092072155549696,immig
339174569531301888,
337945984594231296,
337581478277943296,
337327189555023873,immig
337256745888018433,
337255569578680320,
337213990335836160,immig
337206444904554498,immig
336981666994212865,
336953128299675648,
336845318450708480,
336829353864355840,
336566189973196800,
336543386616098816,
335491548043157504,
335081770020122626,
335052648338313217,immig
335050328514891778,
335048141596397568,
334710754399891457,
334667093125500933,aca
334665015439290368,aca
334383697388265472,
334382777057308672,
334309167600906240,
334045451554807808,
334036566567686145,
333988893709975552,
333987300839133184,
333594863301976064,
332601705957060609,immig
332590920342065153,
332530269837991937,
332492134789824512,
332488586987450368,
332483143586168833,immig
332128520887222272,
332126437110841344,
331567494877827073,
331534671915667459,
331472005679431680,
330364378333474816,
330324451063369728,
329768556608749570,immig
329762194877206528,immig
329752897652924416,immig
329609038776127489,immig
327854343732744192,
327404035009306624,
327101640022843393,immig
326787039427182593,
326747236082012162,immig
326705496943915008,
326698265317871616,
326399719901392896,
326397640705196032,
325418201330626561,
324950600108355584,immig
324882642187218945,
324669833218228225,
324660507200081920,
324635540005732352,
324593593106964480,
324552623455891456,immig
324546900437106688,immig
324519803316477952,
324517069859205121,guns
324515446734864384,guns
324313747348934656,
323913617248514048,
323913344308346881,
323864510047850496,
322362619195437056,guns
322094398387150849,immig
322079155065860096,
322032042936254464,guns
321698775158644736,guns
321678684597665793,guns
321636973183905794,guns
321636696225619971,guns
321375466609057793,
321374028751319040,guns
321269061227008001,
320302648941232129,immig
320185401862148096,
319523975136944128,guns
319521447750025216,
319451798387707904,
318794594617790464,
318755749000011777,guns
318722960355622912,guns
316999800706961409,
316955798196592640,immig
316203562554257410,
314852695657832449,
314852231654551552,guns
314767213347360768,
314732836198445057,aca
314731563797581824,aca
314392548976230401,
314093310740426754,
314035635675615232,
313718722084864000,aca
313694402537205761,aca
312266781085536256,
311864319518334976,
311854055368577024,student
311853987173392384,aca
311853936602664960,
311853852339097600,
311483311795085313,
311483248268152833,
311483182576984064,
311483114880913408,student
311483014620258304,
308960296586862592,
307584634026340353,
307274011564466178,
307191712881725442,
307191619055144960,
307191531138347008,
306878302944108544,
306878137378160640,
306427690532081664,
306427226033897472,
306427071494766592,
306158040191754240,
306157998873661440,
306157899867123714,
306157861732483073,
304660726411325440,
304402719345618946,
304401812017008641,
304400896173936641,
304400284770238464,
304399880451928065,
304399008011526144,
304398373996359680,
304397820297895937,
304397435436949505,aca
304397085095104512,student
304003104695795712,
303615640189685760,
301754458554114049,
301754392460271616,iran
301754323099078656,
301754266777968640,
301539588432871425,
301457731204837378,
301457641903894528,
301368831157358593,
301368756683296769,
301367336517136384,
301367209966592000,
301002810286297088,
299615791698030592,
299549412298989568,immig
299544848049004545,
299542234452344834,immig
299528220976504832,immig
298558155166732288,
298557995074342912,
298103378028920833,
298102719967813633,
298102362688598016,
298102066474258432,
298101934278184960,
298099178066821120,
298099007136362496,immig
297772216710475778,
297449915611758593,
297131615988088833,immig
297116519467479041,
296663666735075329,
296294082030997505,
296293838186766339,
296288986224287744,
296288213851570176,
296288074361602050,pay
295972193978945536,
295971969436880897,immig
295971796665106432,immig
295971697176236032,immig
295253899261128704,
294532626721697793,
294532453895389184,
293744420027768832,
293743915000008704,
292305325959282689,aca
291567123543752705,
289889323988422656,
289490176672141313,
288385933634584576,
287312820129918976,
286935270614507522,
286934818934104065,
286919186553401344,
286917034606997504,
286901517653532673,
286856847418339330,
286526889210806273,
284390787616235520,
284329147554226176,
284328967308193792,
283614651248439296,
282222376400351233,
282221869984256001,
282192910328410112,
282192695806554115,
282192578055634945,
280819224195239938,
280760300666511360,
280759794720182273,
280759587659997184,
280759109207351296,
279281330582323200,
279281164852793344,
278963603179196416,
278574686571483136,
278274917076725762,
278226959811624960,
278226753586098176,
278226402317324288,
277570576883777536,
277556305135276032,
277488305661161473,
277064796531204096,
277064374185771008,
277063657718956033,
276832373360971777,
276706202816229378,
276706028781961217,
276705871814332417,
276346709469179907,
276346490350354432,
276346243393912832,
276346109398482944,
276068883683766273,
276068602770231296,
276068447094444032,
276068326374006788,
275733355994177536,
275732910085115904,
275732585060130816,
275732411063599105,
275732338141450241,
275681999358930944,
275681574081667072,
275681081942999040,
275678455536963584,
274650886331064320,
274650722874830848,
274583833159032832,
274226685900099584,
274224834941157377,
274223938068967424,
274221013540167680,
273819372613693440,
273816981902340097,
273581996280786944,
273457068701253633,
273456916817133570,
273456698461679616,
272346886545997824,
272346570014482433,
271647376224169984,
271647223736045568,
270971012475138048,
270624421692190721,
269203899326545920,
269198676696633346,
269128750397005824,
268797862270357504,
268797692275195905,
268447570626502656,
268447301004038144,
268446933352316930,
268446756717596672,
268163164187807744,
267681096706170880,
267680765117071361,
266952003756900353,
265207141441355776,
264368802412761088,
264368585332387840,
264368449449517056,
264368355975233536,
261916727510712324,
260866246466211840,
259390042886246400,
257923917879070721,
257561340095389696,
257559550725607424,
257559167550775296,
257558880983347200,
256829048091713536,
256828753332826113,
254221155282612225,
254220960264249344,
254220527575629826,
254220357911863296,
253877593684709376,
253875410545291264,
253242833186721792,
253242527065460736,
253242267681320960,
252855648730103809,
252855418005635072,
252792425880363008,
252792017996873728,
252791673933926400,
251428862829936640,
250331589416996866,
249273916265222145,
249273691949629440,
249273507085692928,
249272848517058560,
248838957759098880,
248837898537926656,
248836825492369408,
248805739144048640,
248805601164001280,
248443191869702144,
248443029864726528,
248436340138573826,
248436255338143745,
248435675697926144,
247426828288024576,
246638995067514880,
246638904705417216,
246632176957923328,
246299969777172480,
246258240558596098,
246258091526594560,
246257461504376832,
245987646004944896,
245884296555032577,
245884220902359040,
245565479127773184,
245535991153192960,
245535867043729408,
245535285717393408,
245535175671439360,
245220323635630080,
245205910929149953,
240143242912468992,
239782579480457216,
239058863402393600,
237963175109206016,
236517076280434688,
235780236065779713,
235779916115886081,immig
235381653357346816,
235143854209236992,
235051854449491969,
235051449174859776,
234312802507038720,
234312625293492224,
234311607621140480,
234311395045433344,socialsec
233945756107698179,
233007412846657536,
233004470865362945,
233001980010823680,
232998931557150720,
232982567182270464,
232975924755304449,
232962310510108672,
232959789704036352,
232954874235609088,
232947035718963200,
232941410461044736,
232934357696913408,
232929699989446657,
232921796708532224,
232908368027721728,
232903060551245824,
232897258935435266,
232889368069668864,
232885477399732224,
232884904680116225,
232884836946309121,
232884788388839424,
232884647074332673,
232884575632756736,
232884431747162112,
232872574533632001,
231560891676639232,
231441334169370625,
231091391218974722,
231091210629042176,
231090388532875265,iran
231090130243444736,
230821565871296512,
230821260240756736,iran
230820190982643712,iran
230628542411579392,
230321846300585985,
230321622798704640,
230321458902089729,
230294341967564800,
230077501538459649,
230016172479873026,
230016064984064000,
230015870104117248,
230015715091021825,
230015204304490497,
230014815362494465,
230014722370584576,
230014556536201216,enviro
230014478220144643,
230013929957494785,
230013887066537986,
230013753163395074,
230013669789036544,
230013495331139585,
230013219920556033,
230013164295700481,enviro
230013013632094208,enviro
230012926008885248,
230012703031296000,enviro
230012615072571392,enviro
230012380552253440,
230012006906871808,
230011836077072384,
230011673820418048,
230011639762661376,
230011168650059776,
230011046860046336,
230010921974657025,
230010800050409472,
230010765971701760,
230010468314529792,
230009970555506688,
230009348838002689,
230008474032041984,
229975506265706496,
229947357704359937,
228897057023352832,
228534631211876352,
228178031347376128,
228177797452029952,
228130686157078529,
228130036551663616,
228129903353135105,
227892818016870401,
227841531644608513,
227532979147243520,
227475105675112448,
227474981485965312,guns
227395251957010432,
227027530887094272,guns
226421365996130305,
225991904884563970,
225991611492990976,
225991296060358656,
225991121606680576,
225991043705888769,
225721418468446208,
225609977077829633,
225609855392694272,
225604563623886849,
225604186128134145,
225603822515519488,
225253230995718144,
225252875700412416,
225252679251800064,
225251993285959680,
225251014796783616,
225009574019739648,
225009278031896578,
225008992068452353,
224940435217461248,
224939402227494912,
224938982167941121,
224938900261568514,
223867660516081664,
223542780574711808,
223509713126555648,
223509459044016128,
223509335798587392,
223086218718617600,
223085782641033216,
222776979403980801,
222712489010413570,
222371075269468161,
222370887129763841,
222370647609851904,
221814648050171904,
221716553262043137,
221716211732451328,
220926172727488512,
220560684243615747,
220202436781015041,
218804083329470464,
218803623193346048,student
218803190248898560,
218737792879046656,aca
218735083690000385,aca
218734911593525248,aca
218729941532028931,aca
218729476954140672,aca
218447925070671873,
218447801586155521,
218447694358777856,
218373598073733123,
218357430227181570,
218357322400022529,aca
218357195652341762,aca
218357122323333120,aca
217998563202965507,immig
217998136172478467,immig
217992878205566976,immig
217992374629044227,
217976193864048641,
217709712316182529,
217277023461179392,drugs
217276868469071874,immig
217276689753972737,immig
217276594404859905,
217276386241544192,
216553277360324609,
215546078769070080,
215499946126884865,
215217450533396480,
215200177760382976,
215166642626363392,
215096928088768514,immig
215095973515493377,immig
215095784998318081,immig
215092193134772224,immig
214824581767237633,immig
214824399956742145,
214824150332735488,immig
214824009647398912,
214823780655181824,immig
214484526070636545,
213704340618215424,
213704117959393281,
213703367036387328,
213350376840245248,
213314067832647680,
212922354194579457,
212581344725839873,
212580639562665985,
212580142265012224,
212579944985919488,
212578862054375424,
212276570457522176,
212273652316639233,
212262339620245505,
212262034845339649,
211219370192539648,
210844434470944768,student
210820108799590402,
210762336431120385,
210491195737112577,
210380864335519744,
210380740045717504,
210119777547599872,
210119452887490560,
210047074337701889,
210045915275345921,
210045470456807424,
210044097598197761,
210043447527219201,
210043285228634112,
209731148799160320,
209730168221220864,
209728915873337345,
209728615213039616,
208665381617934337,
207866716154376193,
207588776585867264,
207588623795752961,
207222773951627265,
207222541213900800,
206033933874364420,
206026553757409280,
205681689089949696,
205680000651890689,aca
205679907865493505,
205672980720787456,
205672856489689092,
205672667683094528,
205363785400205314,
205304510254555137,drugs
205304345074470914,drugs
205304080770412545,drugs
205303827816136704,drugs
205303266467266561,drugs
205064688608870402,
205064612343857152,
205060356861722624,iran
205060045367541760,
204962263453544449,
204961358234656769,drugs
204961227422711811,drugs
204961054143414272,drugs
204646962149068800,
204646449793863680,
204646232851881985,drugs
203597385597857793,
203596847695151104,
203225584170565633,
203137893244469249,drugs
203137171799031808,drugs
203134173458870272,
203133866477764608,drugs
203133721862340608,drugs
202765932458819584,
202765497123602435,
202764877465530369,
202764586951245824,
202764336916217856,
202507925321809921,
202109056767365121,
202108788629712896,
202108563403964417,
202108212399448064,
201754034602913792,
201753360444043264,
201753238733733888,
201056981316931584,
201000097398538241,
200709666907496448,immig
200708908648628224,immig
200708640959774720,
200708360516026369,
200609322105974785,
200609232519823360,
200598710890147840,
200598446644805633,
200592412651962369,
200592237824983040,
200368288029605891,
200366485439385600,
200366092483436544,marriage
200242013826842624,
200241816442896385,
200240585406287873,
200240282988593155,
200240207285583873,
199933223202074624,
199932459561918464,
199903460378935297,
199875893919887361,
199580451315261441,student
199579935315206145,
198533013737451520,
198408441335783425,
198407480127131648,
197713534631690240,
197378363814461440,
195641381438488577,
195621123600289793,
195619800662278145,
195282052583669762,
195187430117228544,
195187019264167937,student
195175517308203008,
195172982283452416,
195172792021422080,
194907539631112193,
194854047289843712,student
194838329148182528,
194503154841288705,
194499675376713729,
194499399831920640,
194497754632953856,student
194492724894892032,
194490954063941632,
194490629416431616,
194151523578683392,
193470638462210049,
193450789749010432,
193000916666945536,
192990168167350272,
192987816358191104,
192985994771963904,
192985689917370368,iran
192985513077125120,
192735405815234561,
192629362464522240,
192628938902732803,
192628650926026752,
192623230408851456,
192623071482478592,
192394621840670720,
192394260950167552,
192373223516667905,student
192372485092671489,
192031069833404417,
192029809050779648,
191954052421140480,
191953601915125760,
191952712781406208,
191952357381251072,
191951871336923137,
190922414291562498,
190834659750457345,
190085824623280129,
190085484813357056,
188271481879400449,
188271039984308224,
188046273130143744,
187602557697392640,
187599150370660352,
187599013615374336,
186896818234327040,immig
185381841010835457,enviro
185374473158017025,enviro
185370585113694208,
185369250536497152,
185368983367729153,enviro
185368801242660865,enviro
185126439748763648,
185126266377220097,
184748850404270080,
184658845484859394,
184658560276377600,enviro
184656945511284736,
184656740665659393,enviro
184656517235097601,enviro
184360793079414787,enviro
184359776275275776,
184359328147451904,
184354196894662658,
184353814499958784,
184353549415755776,
182884446217846785,
182594055614631936,
182238335320862720,
182237875792920577,isis
182139222440935426,
182124117921763329,
182122503475445760,
182122236126302209,
181865052134064131,
181864654337875968,
181831264955928576,
181829693564125184,
181829439099912194,
181827430904901632,
181827179867422720,
180746050976493568,immig
180417085434896386,
180416023856549890,
180315146663632896,
180304698815954945,
180300540226445312,
180299672391385088,
180299382384627712,
180298957019295744,iran
180028084072886273,
180024910276608000,
180024727610466304,
179710236704260096,iran
179699158163259393,
179612803357872128,
179612156055134209,
179596899312078850,
179594744459038720,
179305064295436289,
179302316543971330,
179301592116367360,
178897791760867329,
178251201719181314,
178218530595028992,
178210872366338048,
178133787924905984,
178132762367238144,
177958246630440960,
177957939255050241,
177851130762637312,
177774298696646656,iran
177774126344306689,
177483432601985024,
177463031545085954,
177431431021203457,
177431079941177345,
177430875884109826,
177430721185587200,
177179055840432128,
177152963960250369,
177151102624600066,
177145741553307648,
177144697012236288,
176782668166479872,
176775995414679552,
176775772613263360,
176764559191846913,
176763821644464129,
176763579591176194,
175698957295566849,
175673949944950784,
175657076746489856,
175656745266458624,
175652171931590656,
175650559481753600,
175650262340472832,
175643099572338688,
175281961466732544,
175274550190288896,
175274170920349697,
175273618207539200,
175273486753865728,iran
175236154289963008,
175235876425703424,
175235591670202368,
175235290636615680,
175235122256297984,
174615861422854145,aca
174269764867342336,
173054631096758273,
173054103373611008,
172789571371810819,
172733620249829376,
172731448011399169,
172401059703177216,
172400961178968065,
172000231590866945,
171680699387101186,
170602493766680576,
170572194848571392,
170305246957027328,
170196849939066880,
170157852223217664,
170157152332296193,
169908036167671808,
169546455449743360,
169152325158584320,
169152139392860160,
168079352280522752,
168029581746511873,abort
168025658159677441,
168025448960364545,
167754530556084224,
167380709399470080,
167275899463548928,
166668772982272000,
165579495414300672,
165579163288338432,
165220312689033219,
165094463432163328,
164850869257519105,
164850136328048640,
164772690882867200,
164766668894109697,
164766120996384768,
164430312435224576,
164083345930723328,
164082501168533504,
164048818076262400,
162983337378586624,
162961274714591232,
162938751805440000,
162667579675131905,
162667363928510464,
162650367975366658,
162649310918488064,iran
162634109183725569,
162267088881328128,
162259667802787840,
162258712617168897,
162017617866006530,
162016487836626945,
162016076660617217,
161861327755808769,
161859292566265857,
161846828449538048,
161833975365644288,
161558098023157760,
161557311272386561,
161534726287536129,religion
161532319415541761,
160876094273228800,
160492569476874240,
160491519579660289,
160491320174067713,
160369258130456576,
160368305050357760,
160367959464878080,
160177350192013312,
160155040819060736,
160154677978202112,
160154426127028224,
160145147835850753,
160144380840263680,
160090911513124864,
160090456330473473,
159757728103940096,
159664826526867456,
159344292383563776,
158957898586796032,
158929532122972160,
158929130509975553,
158605614422040576,
158328514234429440,
157206618340212736,
156766911911305216,
156494685546876928,
156494058146115584,
155410190525669379,immig
154650348970180608,
154648783563653120,
154606932236320768,
154604918941040640,
154604630611984384,
154604046664216576,
154304697086394368,
150293834797031424,
150235718122340353,
150234046725754880,
150233522039304193,
150233286789177345,
149982208877277184,
149981378459615233,
149903012968665088,
149902726401228800,
149901869303607296,
149595107723706368,
149584949685661696,iran
149265207867359233,
149264928610582528,
149219904611037184,
149195883848802304,
149195470567243776,
149195303940128768,
149194888238477312,
149194578375880704,
148959503793135618,iran
148959048790843392,
148958546330009600,iran
148957640838496256,
148820466432352256,
148819973576474624,
148818404004999168,
148547972978843649,
148547573752406016,
148546742873366530,
148498547094986753,
147864525645946880,
147767753707749376,
147767619087380480,
147433028283674624,
147432689568460800,
147431197075718146,
147430634174947328,
147355926410694657,guns
147104835496452097,
147024778836967424,
147024612046286848,
146753638562398210,
146753181051920384,
146752710102884352,
146705365667545088,
146677835736686592,
146677694053093376,
146620918960103424,
146620532434014209,
146620327445794816,
145232106451251200,
145201382121676801,
145201233735585792,enviro
144909897258110977,
144909637827837952,
144880839895941120,
144880601403621376,
144880125861822464,
144816600699244544,
144816360684388352,
144815763373568000,
144808391557132288,
144801156969934848,
144800564281212928,
144535834375364608,
144488472244264961,
144487919581798400,
144487620028792834,
144482833501650945,
144409294815772673,
144180187561598976,
144179457115168770,
144178445772001280,
143818040017027073,
143811441349246976,
143806019632513024,
143805825926971392,
143804017670225920,
143803783196065793,
143802286517395456,
142618271366135809,
142618058551332864,
142617567410917376,
142435083196968960,
142433760439312384,
142433009419812866,
142432211180847104,
142430833637212160,
142430142638198784,
142402197039222785,
142276488547418114,
142271436873142272,
142271287253929984,
142261234018959360,
142260559222546433,
142260292250894336,
141977309757448193,
141959045207695360,
141958736003604480,
141925335452225536,
141906857357869056,
141294478806876160,
141265913751154689,
141265544862113792,
141264400244948992,
141263722734829568,
141263495441285120,
139078504590487552,immig
139078072493277185,
139077834588176384,
139077431146455040,immig
138743249358696448,
138742751381561344,
138742286971449344,
138741635491180545,
138741396998864896,isis
138634234918223872,
138633012928716801,
138632287511261184,
137553997585326080,
137553617652678657,
137553492968620033,
137552835981217792,
137540189278048256,
136859907122147330,
136857173362872320,
136856884933169152,
136835428681658369,
136481468078759939,
136480746826248192,
136479723122458624,
136479147563286528,enviro
136478861062975489,
136172607904022528,
136172284808400897,
136169896689139712,
136169452898230273,
135049599239995392,
135049000574402561,
135048268114694145,
134744835235119105,
134744586999435264,
134744423580958720,
134677803324014592,
133940623811162112,
133939477994418176,
133939070765244417,
133933506626732033,
133930614599589888,
133930273434906624,
133669372504973314,
133634934286974978,
133634098580303872,
133633594865352705,
133632314256273409,
133631461399072768,
133610055022030849,
132457641669697536,
132457165502955521,
132456871759065088,
132239274316804097,immig
132195487397847040,
132194874027024385,
132194436489814017,
132193666092646402,
132166672529375232,
132144702412689408,
132143926244151297,
132141363599900672,
132141174596186112,
131810026292654080,
131806008828891136,
131766511810519040,
131752560032890881,
131751549822173185,
131390551999250433,
131118694507089921,
131116816608141315,
131114606398672897,
131099060403834880,
131098365902598144,
131098162948603904,
130024188902785024,
129323872087584769,
127465449066741760,
127464437945872384,
127445779139928064,
127445392064389120,
127444760448335872,
127444380519903232,
127403938868772864,
127388529058779136,
127387608610390016,
127386192365895681,
127223031989932032,
127222685183918080,
127222344916795392,
127222171218096129,
127170201522409472,
127145600469835776,
127139686878691330,
127095484765569025,
127082379255881728,
127078175137206272,
127076160264876032,
127075837186015234,
127075502069514242,
127039788376268800,
126763256361660416,
126757256103608320,
126719891309985793,
126685013252116480,
126677953080860672,
126677853923311616,
126675160613912576,
126670736071991297,
126410077308583936,
126409748017983488,
126409317703364609,
126404540500152320,
126399978250833921,
126314041512693760,
126312912703856640,
126312435392053248,
126304298924654592,
126304111414087682,
126000027700166656,
125999818479894528,
125998525292101633,
125997549130752000,
125997349863571456,
124966072976801792,
124965127140290560,
124964225205547008,immig
124963466980237313,
124515767248093185,
124495414866083840,
124494580799389696,
124494268621537281,
124494029877551104,
124488705468678144,
124198749219201024,
124156817961005056,
124155521367408640,
124154977177448448,
124145404030889984,
123929095963820032,
123928922193797120,
123928771794440192,
123916784708501505,
123916606693847040,
123827138699862016,
123826964334264320,
123826634980732928,
123826352066539521,
123825899115266048,
123825641886982144,
123825444192657408,
123758515264299008,
122325159301488640,
122324897899884544,
122324688868352000,
122129216711049218,
122113225960595456,
121678487378591744,
121677579928342528,
121676960471580673,
121676666849345537,
121674089827016705,
121673853729640448,
121660128926760960,
121334013226000384,
121228442237796353,
121227661929484288,
121227186819694594,
121226929679507456,
121226344725102592,
121225978801422337,
120973241593503745,
120941869646614529,
120941429995479040,
120941212155908096,
120940917774491649,
119149073898012672,
118484609154555904,
118484376798498816,
118483917509636097,
118483603746328576,
118425629371793408,
118425195538169857,
118424057107595265,
118423710150574080,
118422336608288768,
118421972727242752,
117055504500523008,
117054973983997952,
117054565202931712,
117054351545077760,
116186823453192193,
116163521636614144,
116163034031984640,
116162212925685761,
116161800692703232,
115858336678813697,
115858089969860608,
115857673769066496,
115856499397509120,
115852513927905280,
115851525787631618,
115851386025033729,
114869133568524288,
114868928790011904,
114868711164358656,
114736382638960641,
114735871634313217,
114735603534409729,
114484749552193537,
114484469527879680,
114484323033427968,
114409005216047104,
114404270027182080,
114403231265849344,
114397720638267392,
114397169066319873,
114345519186321408,
114131994052542464,
114096222280744962,
114095103450169344,
114087620312711168,
114073426796359680,
114072081032953856,
114071940800585728,
114071811100127233,
114071389266386945,
114071228523876352,
114071176111857664,
114070983341654016,
